model,brand,type,inventory,daily_fee,is_deleted
A6 1,Audi,SUV,8,130.95,FALSE
E-Class 2,Mercedes,SEDAN,6,94.56,FALSE
X5 3,BMW,SUV,4,115.9,FALSE
Golf 4,Volkswagen,SEDAN,5,77.93,FALSE
Q3 5,Audi,HATCHBACK,6,70.64,FALSE
Civic 6,Honda,SUV,6,93.42,FALSE
X-Trail 7,Nissan,SEDAN,3,142.63,FALSE
Corolla 8,Toyota,HATCHBACK,1,147.33,FALSE
i30 9,Hyundai,HATCHBACK,3,30.45,FALSE
X5 10,BMW,SEDAN,1,115.17,FALSE
Escape 11,Ford,UNIVERSAL,1,137.86,FALSE
Stinger 12,Kia,SEDAN,8,40.32,FALSE
A-Class 13,Mercedes,SUV,1,53.13,FALSE
Civic 14,Honda,HATCHBACK,4,105.87,FALSE
X-Trail 15,Nissan,HATCHBACK,7,118.88,FALSE
Focus 16,Ford,SEDAN,2,30.76,FALSE
Leaf 17,Nissan,SEDAN,5,123.86,FALSE
3 Series 18,BMW,HATCHBACK,8,147.61,FALSE
Micra 19,Nissan,UNIVERSAL,2,38.59,FALSE
Escape 20,Ford,UNIVERSAL,7,131.92,FALSE
Micra 21,Nissan,HATCHBACK,6,57.6,FALSE
A3 22,Audi,UNIVERSAL,9,112.76,FALSE
GLC 23,Mercedes,SUV,7,67.92,FALSE
Sportage 24,Kia,SUV,2,134.47,FALSE
Explorer 25,Ford,HATCHBACK,2,147.92,FALSE
1 Series 26,BMW,SUV,6,64.41,FALSE
Mustang 27,Ford,HATCHBACK,4,98.33,FALSE
Fiesta 28,Ford,HATCHBACK,6,100.42,FALSE
Stinger 29,Kia,HATCHBACK,4,86.86,FALSE
1 Series 30,BMW,SEDAN,4,84.85,FALSE
Camry 31,Toyota,HATCHBACK,2,63.86,FALSE
Stinger 32,Kia,SEDAN,3,77.61,FALSE
Tiguan 33,Volkswagen,UNIVERSAL,9,45.98,FALSE
Explorer 34,Ford,UNIVERSAL,1,90.86,FALSE
Camry 35,Toyota,HATCHBACK,4,86.82,FALSE
Rio 36,Kia,UNIVERSAL,10,66.7,FALSE
Rio 37,Kia,SUV,6,145.66,FALSE
Rio 38,Kia,HATCHBACK,4,123.83,FALSE
Civic 39,Honda,HATCHBACK,5,58.6,FALSE
Accord 40,Honda,HATCHBACK,1,80.31,FALSE
Polo 41,Volkswagen,HATCHBACK,3,129.83,FALSE
Civic 42,Honda,HATCHBACK,7,96.19,FALSE
A6 43,Audi,UNIVERSAL,6,57.93,FALSE
A-Class 44,Mercedes,HATCHBACK,7,57.87,FALSE
Passat 45,Volkswagen,SUV,10,64.15,FALSE
Explorer 46,Ford,UNIVERSAL,6,124.95,FALSE
Accord 47,Honda,SUV,6,83.88,FALSE
Rio 48,Kia,HATCHBACK,7,130.29,FALSE
Q3 49,Audi,HATCHBACK,8,102.48,FALSE
Elantra 50,Hyundai,UNIVERSAL,5,136.82,FALSE
Accord 51,Honda,SEDAN,10,48.82,FALSE
Fiesta 52,Ford,HATCHBACK,3,109.35,FALSE
Juke 53,Nissan,UNIVERSAL,9,117.71,FALSE
Ceed 54,Kia,HATCHBACK,6,112.7,FALSE
Mustang 55,Ford,UNIVERSAL,1,73.38,FALSE
Stinger 56,Kia,UNIVERSAL,9,78.4,FALSE
Stinger 57,Kia,HATCHBACK,4,81.79,FALSE
i30 58,Hyundai,HATCHBACK,4,108.12,FALSE
Fiesta 59,Ford,UNIVERSAL,1,138.43,FALSE
GLC 60,Mercedes,HATCHBACK,8,139.74,FALSE
X-Trail 61,Nissan,UNIVERSAL,2,117.79,FALSE
Explorer 62,Ford,SUV,2,141.33,FALSE
Polo 63,Volkswagen,UNIVERSAL,2,135.13,FALSE
Mustang 64,Ford,SEDAN,9,67.15,FALSE
Ceed 65,Kia,HATCHBACK,7,110.18,FALSE
Juke 66,Nissan,UNIVERSAL,1,51,FALSE
GLC 67,Mercedes,HATCHBACK,4,146.3,FALSE
Tiguan 68,Volkswagen,HATCHBACK,2,130.52,FALSE
Mustang 69,Ford,UNIVERSAL,10,141.29,FALSE
Explorer 70,Ford,SUV,10,41.93,FALSE
CR-V 71,Honda,HATCHBACK,3,48.16,FALSE
Juke 72,Nissan,HATCHBACK,3,107.1,FALSE
CR-V 73,Honda,HATCHBACK,3,84.61,FALSE
Kona 74,Hyundai,SEDAN,1,130.91,FALSE
Explorer 75,Ford,HATCHBACK,2,146.38,FALSE
Rio 76,Kia,UNIVERSAL,9,85.48,FALSE
i30 77,Hyundai,SUV,5,74.89,FALSE
Passat 78,Volkswagen,HATCHBACK,10,121.03,FALSE
A-Class 79,Mercedes,HATCHBACK,2,133.5,FALSE
Passat 80,Volkswagen,HATCHBACK,6,51.69,FALSE
3 Series 81,BMW,SEDAN,7,33.5,FALSE
Mustang 82,Ford,HATCHBACK,9,130.67,FALSE
C-Class 83,Mercedes,SEDAN,2,50.57,FALSE
Elantra 84,Hyundai,HATCHBACK,9,34.6,FALSE
X3 85,BMW,SUV,6,149.58,FALSE
Q5 86,Audi,SEDAN,5,60.26,FALSE
Micra 87,Nissan,UNIVERSAL,7,43.98,FALSE
X5 88,BMW,HATCHBACK,4,82.81,FALSE
Sportage 89,Kia,UNIVERSAL,1,92.1,FALSE
Focus 90,Ford,HATCHBACK,9,103.33,FALSE
5 Series 91,BMW,SUV,6,145.09,FALSE
Qashqai 92,Nissan,HATCHBACK,8,71.49,FALSE
Q3 93,Audi,HATCHBACK,1,57.15,FALSE
Fiesta 94,Ford,HATCHBACK,4,144.51,FALSE
CR-V 95,Honda,HATCHBACK,10,80.16,FALSE
Micra 96,Nissan,SEDAN,4,71.88,FALSE
Juke 97,Nissan,UNIVERSAL,1,30.19,FALSE
Kona 98,Hyundai,UNIVERSAL,7,134.23,FALSE
RAV4 99,Toyota,SUV,5,39.2,FALSE
Pilot 100,Honda,HATCHBACK,3,100.43,FALSE
Juke 101,Nissan,UNIVERSAL,8,120.34,FALSE
A6 102,Audi,SUV,9,33,FALSE
A4 103,Audi,HATCHBACK,2,91.68,FALSE
Focus 104,Ford,SUV,1,68.24,FALSE
Tiguan 105,Volkswagen,HATCHBACK,4,80.23,FALSE
Polo 106,Volkswagen,UNIVERSAL,9,78.72,FALSE
Micra 107,Nissan,UNIVERSAL,8,109.37,FALSE
Sportage 108,Kia,SUV,2,40.74,FALSE
Q5 109,Audi,HATCHBACK,6,42.33,FALSE
Jetta 110,Volkswagen,HATCHBACK,10,149.11,FALSE
A4 111,Audi,HATCHBACK,5,71.58,FALSE
1 Series 112,BMW,SUV,10,114.22,FALSE
A4 113,Audi,HATCHBACK,2,122.08,FALSE
RAV4 114,Toyota,HATCHBACK,10,122.34,FALSE
A3 115,Audi,SEDAN,8,60.5,FALSE
X5 116,BMW,UNIVERSAL,3,69.75,FALSE
Escape 117,Ford,SEDAN,8,53.73,FALSE
1 Series 118,BMW,UNIVERSAL,4,141.34,FALSE
Camry 119,Toyota,SUV,5,46.29,FALSE
3 Series 120,BMW,HATCHBACK,7,46.65,FALSE
GLC 121,Mercedes,HATCHBACK,4,57.52,FALSE
Camry 122,Toyota,UNIVERSAL,1,49.6,FALSE
Stinger 123,Kia,SUV,1,86.94,FALSE
A6 124,Audi,SEDAN,2,101.88,FALSE
3 Series 125,BMW,HATCHBACK,8,30.6,FALSE
Polo 126,Volkswagen,SUV,3,106.78,FALSE
Sorento 127,Kia,HATCHBACK,8,114.52,FALSE
Focus 128,Ford,SEDAN,2,99.29,FALSE
Fit 129,Honda,SEDAN,4,128.09,FALSE
A6 130,Audi,SUV,1,82.7,FALSE
GLA 131,Mercedes,SEDAN,2,74.31,FALSE
X5 132,BMW,HATCHBACK,8,63.32,FALSE
C-Class 133,Mercedes,UNIVERSAL,1,123.47,FALSE
A4 134,Audi,SEDAN,4,108.5,FALSE
A4 135,Audi,HATCHBACK,9,57.92,FALSE
5 Series 136,BMW,SUV,5,99.56,FALSE
X3 137,BMW,SUV,2,53.37,FALSE
C-Class 138,Mercedes,SEDAN,1,56.47,FALSE
Micra 139,Nissan,SUV,9,133.98,FALSE
Stinger 140,Kia,UNIVERSAL,7,109.37,FALSE
Q5 141,Audi,SEDAN,7,128.72,FALSE
Escape 142,Ford,SEDAN,7,56.61,FALSE
Fit 143,Honda,SUV,1,92.83,FALSE
A-Class 144,Mercedes,HATCHBACK,1,100.76,FALSE
Q5 145,Audi,HATCHBACK,8,88.83,FALSE
Juke 146,Nissan,SEDAN,9,127.61,FALSE
i30 147,Hyundai,SEDAN,4,78.2,FALSE
Jetta 148,Volkswagen,HATCHBACK,9,92.77,FALSE
Q3 149,Audi,SUV,8,69.86,FALSE
Fit 150,Honda,HATCHBACK,4,89.62,FALSE
1 Series 151,BMW,HATCHBACK,7,68.44,FALSE
Civic 152,Honda,SUV,8,85.03,FALSE
Sportage 153,Kia,HATCHBACK,2,60.03,FALSE
Elantra 154,Hyundai,HATCHBACK,8,77.35,FALSE
Q5 155,Audi,SEDAN,9,67.18,FALSE
Yaris 156,Toyota,HATCHBACK,5,123.29,FALSE
C-Class 157,Mercedes,UNIVERSAL,5,63.7,FALSE
Qashqai 158,Nissan,UNIVERSAL,8,126.87,FALSE
Camry 159,Toyota,SUV,2,40.36,FALSE
Jetta 160,Volkswagen,HATCHBACK,8,121.28,FALSE
Santa Fe 161,Hyundai,HATCHBACK,5,143.36,FALSE
A4 162,Audi,SEDAN,6,48.25,FALSE
Yaris 163,Toyota,HATCHBACK,3,90.61,FALSE
CR-V 164,Honda,SUV,1,46.36,FALSE
Civic 165,Honda,SUV,3,56.87,FALSE
RAV4 166,Toyota,SEDAN,9,109.78,FALSE
Leaf 167,Nissan,HATCHBACK,2,147.71,FALSE
A-Class 168,Mercedes,SEDAN,2,100.18,FALSE
Focus 169,Ford,SEDAN,9,145.49,FALSE
Juke 170,Nissan,SUV,7,110.49,FALSE
Leaf 171,Nissan,HATCHBACK,2,141.76,FALSE
RAV4 172,Toyota,HATCHBACK,9,121.71,FALSE
C-Class 173,Mercedes,HATCHBACK,8,141.56,FALSE
Juke 174,Nissan,HATCHBACK,5,97.37,FALSE
Explorer 175,Ford,UNIVERSAL,2,88.61,FALSE
Ceed 176,Kia,HATCHBACK,4,41.37,FALSE
Jetta 177,Volkswagen,SEDAN,4,78.44,FALSE
Qashqai 178,Nissan,HATCHBACK,10,51.47,FALSE
Tucson 179,Hyundai,HATCHBACK,1,33.34,FALSE
Elantra 180,Hyundai,HATCHBACK,6,57.11,FALSE
Camry 181,Toyota,SEDAN,4,130.44,FALSE
Fiesta 182,Ford,UNIVERSAL,8,47.09,FALSE
3 Series 183,BMW,UNIVERSAL,8,120.8,FALSE
Fit 184,Honda,SEDAN,5,74.1,FALSE
Stinger 185,Kia,UNIVERSAL,3,91.28,FALSE
1 Series 186,BMW,HATCHBACK,1,123.52,FALSE
Highlander 187,Toyota,HATCHBACK,3,71.47,FALSE
GLC 188,Mercedes,SEDAN,10,66.65,FALSE
C-Class 189,Mercedes,HATCHBACK,6,143.6,FALSE
Civic 190,Honda,SEDAN,6,46.52,FALSE
Escape 191,Ford,HATCHBACK,2,112.06,FALSE
Tucson 192,Hyundai,HATCHBACK,10,58.86,FALSE
Highlander 193,Toyota,SEDAN,5,70.91,FALSE
Elantra 194,Hyundai,HATCHBACK,1,60.54,FALSE
1 Series 195,BMW,SUV,2,42.7,FALSE
Golf 196,Volkswagen,HATCHBACK,6,87.9,FALSE
CR-V 197,Honda,SEDAN,1,89.88,FALSE
Ceed 198,Kia,UNIVERSAL,8,86.68,FALSE
C-Class 199,Mercedes,HATCHBACK,10,134.55,FALSE
Q5 200,Audi,HATCHBACK,10,40.51,FALSE
CR-V 201,Honda,SEDAN,9,70.08,FALSE
i30 202,Hyundai,SEDAN,2,112.83,FALSE
Passat 203,Volkswagen,UNIVERSAL,10,149.45,FALSE
A3 204,Audi,SUV,2,146.74,FALSE
GLC 205,Mercedes,SUV,8,139.5,FALSE
A-Class 206,Mercedes,UNIVERSAL,4,129.61,FALSE
Accord 207,Honda,SUV,7,136.67,FALSE
1 Series 208,BMW,SEDAN,10,122.93,FALSE
Q5 209,Audi,SUV,6,126.25,FALSE
Juke 210,Nissan,HATCHBACK,1,34.31,FALSE
Camry 211,Toyota,HATCHBACK,2,41.9,FALSE
Qashqai 212,Nissan,SUV,9,39.86,FALSE
Tucson 213,Hyundai,SEDAN,3,100.78,FALSE
Juke 214,Nissan,UNIVERSAL,3,35.69,FALSE
Tiguan 215,Volkswagen,SEDAN,3,100.82,FALSE
X3 216,BMW,HATCHBACK,8,145.99,FALSE
Jetta 217,Volkswagen,HATCHBACK,4,116.78,FALSE
1 Series 218,BMW,HATCHBACK,2,85.77,FALSE
Yaris 219,Toyota,SEDAN,8,36.89,FALSE
Tucson 220,Hyundai,SEDAN,2,88.43,FALSE
Explorer 221,Ford,SEDAN,3,87.66,FALSE
Highlander 222,Toyota,HATCHBACK,2,124.99,FALSE
Highlander 223,Toyota,SEDAN,1,30.7,FALSE
Santa Fe 224,Hyundai,SEDAN,8,136.43,FALSE
Micra 225,Nissan,HATCHBACK,6,68.95,FALSE
Explorer 226,Ford,SUV,6,52.31,FALSE
CR-V 227,Honda,HATCHBACK,10,35.71,FALSE
Corolla 228,Toyota,SEDAN,6,45.07,FALSE
Pilot 229,Honda,SEDAN,2,39.31,FALSE
Q3 230,Audi,SEDAN,10,108.55,FALSE
GLA 231,Mercedes,SEDAN,9,50.79,FALSE
Civic 232,Honda,HATCHBACK,5,132.16,FALSE
A6 233,Audi,HATCHBACK,9,119.02,FALSE
3 Series 234,BMW,UNIVERSAL,3,73.19,FALSE
Camry 235,Toyota,UNIVERSAL,2,89.28,FALSE
Leaf 236,Nissan,UNIVERSAL,4,36.19,FALSE
Leaf 237,Nissan,HATCHBACK,4,115.24,FALSE
Micra 238,Nissan,HATCHBACK,1,63.61,FALSE
Pilot 239,Honda,HATCHBACK,3,135.85,FALSE
1 Series 240,BMW,UNIVERSAL,3,64.08,FALSE
Stinger 241,Kia,SEDAN,7,57.67,FALSE
Focus 242,Ford,UNIVERSAL,3,32.62,FALSE
E-Class 243,Mercedes,HATCHBACK,7,135.45,FALSE
Civic 244,Honda,HATCHBACK,10,59.58,FALSE
Yaris 245,Toyota,SUV,4,112.4,FALSE
Yaris 246,Toyota,SEDAN,4,51.66,FALSE
X-Trail 247,Nissan,HATCHBACK,4,59.77,FALSE
Juke 248,Nissan,HATCHBACK,3,59.81,FALSE
A-Class 249,Mercedes,SUV,7,148.93,FALSE
Micra 250,Nissan,SUV,5,31.46,FALSE
A3 251,Audi,UNIVERSAL,2,122.6,FALSE
Leaf 252,Nissan,HATCHBACK,5,81.54,FALSE
Fit 253,Honda,HATCHBACK,4,108.37,FALSE
Q3 254,Audi,HATCHBACK,3,109.77,FALSE
Highlander 255,Toyota,UNIVERSAL,5,69.33,FALSE
A4 256,Audi,SEDAN,10,80.86,FALSE
Escape 257,Ford,SUV,4,36.47,FALSE
Juke 258,Nissan,UNIVERSAL,1,114.07,FALSE
1 Series 259,BMW,UNIVERSAL,5,116.46,FALSE
Fiesta 260,Ford,SUV,3,143.37,FALSE
Santa Fe 261,Hyundai,HATCHBACK,1,124.01,FALSE
Sorento 262,Kia,HATCHBACK,10,87.36,FALSE
Mustang 263,Ford,UNIVERSAL,4,123.33,FALSE
5 Series 264,BMW,UNIVERSAL,1,147.2,FALSE
1 Series 265,BMW,SUV,8,87.52,FALSE
Camry 266,Toyota,SUV,6,92.73,FALSE
Leaf 267,Nissan,HATCHBACK,1,55.1,FALSE
CR-V 268,Honda,SEDAN,6,62.77,FALSE
1 Series 269,BMW,SEDAN,6,53.93,FALSE
Qashqai 270,Nissan,HATCHBACK,8,75.58,FALSE
A-Class 271,Mercedes,HATCHBACK,1,83.69,FALSE
Camry 272,Toyota,SEDAN,6,51.18,FALSE
CR-V 273,Honda,HATCHBACK,5,52.76,FALSE
Elantra 274,Hyundai,HATCHBACK,3,96.16,FALSE
E-Class 275,Mercedes,HATCHBACK,1,119.21,FALSE
RAV4 276,Toyota,HATCHBACK,2,117.4,FALSE
Juke 277,Nissan,HATCHBACK,1,34.42,FALSE
Jetta 278,Volkswagen,SEDAN,9,142.46,FALSE
GLC 279,Mercedes,SUV,10,146.5,FALSE
A6 280,Audi,HATCHBACK,7,125.95,FALSE
1 Series 281,BMW,HATCHBACK,5,97.82,FALSE
Accord 282,Honda,HATCHBACK,5,106.03,FALSE
Sportage 283,Kia,HATCHBACK,4,130.94,FALSE
Stinger 284,Kia,HATCHBACK,4,32.36,FALSE
Polo 285,Volkswagen,HATCHBACK,4,116.72,FALSE
Sportage 286,Kia,SEDAN,7,54.61,FALSE
Leaf 287,Nissan,HATCHBACK,1,54.63,FALSE
Jetta 288,Volkswagen,SUV,7,86.3,FALSE
GLA 289,Mercedes,HATCHBACK,6,87.29,FALSE
5 Series 290,BMW,SEDAN,7,31.81,FALSE
Sorento 291,Kia,UNIVERSAL,3,138.9,FALSE
E-Class 292,Mercedes,HATCHBACK,1,132.06,FALSE
Yaris 293,Toyota,HATCHBACK,6,114.45,FALSE
Qashqai 294,Nissan,HATCHBACK,1,126.47,FALSE
GLA 295,Mercedes,HATCHBACK,9,92.9,FALSE
Camry 296,Toyota,SUV,9,121.8,FALSE
Fit 297,Honda,HATCHBACK,5,30.25,FALSE
A4 298,Audi,UNIVERSAL,4,98.1,FALSE
A3 299,Audi,SEDAN,6,90.26,FALSE
Yaris 300,Toyota,UNIVERSAL,8,37.84,FALSE
X-Trail 301,Nissan,SUV,5,61.96,FALSE
Highlander 302,Toyota,HATCHBACK,5,88.84,FALSE
E-Class 303,Mercedes,UNIVERSAL,2,138.12,FALSE
Santa Fe 304,Hyundai,SEDAN,8,120.56,FALSE
Jetta 305,Volkswagen,SUV,5,58.94,FALSE
Mustang 306,Ford,SEDAN,3,98.88,FALSE
Sorento 307,Kia,UNIVERSAL,9,129.36,FALSE
Micra 308,Nissan,UNIVERSAL,7,99.64,FALSE
X5 309,BMW,HATCHBACK,6,141.96,FALSE
E-Class 310,Mercedes,HATCHBACK,5,50.55,FALSE
Focus 311,Ford,UNIVERSAL,2,60.61,FALSE
E-Class 312,Mercedes,HATCHBACK,3,98.35,FALSE
Rio 313,Kia,HATCHBACK,5,106.5,FALSE
Sorento 314,Kia,UNIVERSAL,4,130.97,FALSE
X5 315,BMW,HATCHBACK,1,111.4,FALSE
A4 316,Audi,SUV,8,62.6,FALSE
Camry 317,Toyota,UNIVERSAL,9,134.1,FALSE
Escape 318,Ford,HATCHBACK,5,39.09,FALSE
i30 319,Hyundai,SEDAN,6,123.36,FALSE
Accord 320,Honda,HATCHBACK,2,118.72,FALSE
Camry 321,Toyota,HATCHBACK,2,56.8,FALSE
Leaf 322,Nissan,SUV,3,105.91,FALSE
Stinger 323,Kia,SUV,4,84.03,FALSE
5 Series 324,BMW,HATCHBACK,8,35.78,FALSE
X5 325,BMW,SEDAN,6,37.4,FALSE
GLC 326,Mercedes,HATCHBACK,7,79.16,FALSE
Camry 327,Toyota,SUV,3,136.07,FALSE
Ceed 328,Kia,SUV,8,94.45,FALSE
CR-V 329,Honda,UNIVERSAL,6,44.41,FALSE
Civic 330,Honda,HATCHBACK,6,53.95,FALSE
A4 331,Audi,SEDAN,1,94.16,FALSE
A6 332,Audi,SEDAN,7,98.17,FALSE
X3 333,BMW,SUV,1,139.26,FALSE
Passat 334,Volkswagen,HATCHBACK,6,127.38,FALSE
GLA 335,Mercedes,HATCHBACK,3,41.04,FALSE
Fiesta 336,Ford,SUV,5,46.86,FALSE
A3 337,Audi,SEDAN,1,93.9,FALSE
Ceed 338,Kia,SUV,2,71.07,FALSE
C-Class 339,Mercedes,SUV,3,97.46,FALSE
Juke 340,Nissan,UNIVERSAL,7,42.78,FALSE
Escape 341,Ford,HATCHBACK,9,110.49,FALSE
3 Series 342,BMW,SEDAN,1,134.72,FALSE
Camry 343,Toyota,SUV,2,129.14,FALSE
Passat 344,Volkswagen,HATCHBACK,9,65.91,FALSE
Q5 345,Audi,SEDAN,9,131.59,FALSE
Micra 346,Nissan,SEDAN,2,102.26,FALSE
Q5 347,Audi,SUV,2,32.18,FALSE
Polo 348,Volkswagen,SEDAN,2,104.77,FALSE
3 Series 349,BMW,SEDAN,9,71.57,FALSE
Sorento 350,Kia,HATCHBACK,2,145.99,FALSE
Highlander 351,Toyota,UNIVERSAL,7,77.49,FALSE
Q5 352,Audi,HATCHBACK,9,110.81,FALSE
Micra 353,Nissan,SEDAN,5,112.14,FALSE
Highlander 354,Toyota,SUV,3,138.66,FALSE
GLA 355,Mercedes,SUV,6,43.33,FALSE
Yaris 356,Toyota,SUV,8,142.91,FALSE
Qashqai 357,Nissan,HATCHBACK,4,128.63,FALSE
i30 358,Hyundai,HATCHBACK,5,52.75,FALSE
Mustang 359,Ford,SEDAN,4,120.59,FALSE
A3 360,Audi,SEDAN,9,52.54,FALSE
Camry 361,Toyota,SEDAN,4,145.82,FALSE
Ceed 362,Kia,UNIVERSAL,3,142.24,FALSE
Juke 363,Nissan,UNIVERSAL,4,88.54,FALSE
Micra 364,Nissan,HATCHBACK,7,87.12,FALSE
Pilot 365,Honda,UNIVERSAL,6,75.96,FALSE
Kona 366,Hyundai,HATCHBACK,7,135.72,FALSE
E-Class 367,Mercedes,HATCHBACK,3,54.92,FALSE
Highlander 368,Toyota,UNIVERSAL,5,95.11,FALSE
Focus 369,Ford,HATCHBACK,6,149.19,FALSE
Mustang 370,Ford,HATCHBACK,3,98.17,FALSE
Explorer 371,Ford,SEDAN,8,31.97,FALSE
A-Class 372,Mercedes,UNIVERSAL,6,138.99,FALSE
Stinger 373,Kia,UNIVERSAL,3,43.48,FALSE
CR-V 374,Honda,HATCHBACK,7,119.06,FALSE
Tiguan 375,Volkswagen,HATCHBACK,5,32.98,FALSE
E-Class 376,Mercedes,HATCHBACK,5,110.69,FALSE
Rio 377,Kia,HATCHBACK,1,32.96,FALSE
A3 378,Audi,HATCHBACK,7,142.5,FALSE
GLA 379,Mercedes,SUV,6,54.06,FALSE
C-Class 380,Mercedes,UNIVERSAL,3,146.47,FALSE
Sorento 381,Kia,UNIVERSAL,1,143.41,FALSE
X-Trail 382,Nissan,SUV,7,126.16,FALSE
X-Trail 383,Nissan,HATCHBACK,9,80.63,FALSE
Focus 384,Ford,SUV,1,98.7,FALSE
A3 385,Audi,SUV,1,39.82,FALSE
Stinger 386,Kia,HATCHBACK,8,37.38,FALSE
Focus 387,Ford,HATCHBACK,7,83.44,FALSE
GLA 388,Mercedes,HATCHBACK,7,68.37,FALSE
Tucson 389,Hyundai,UNIVERSAL,3,141.06,FALSE
Mustang 390,Ford,SUV,5,100.49,FALSE
CR-V 391,Honda,SUV,6,137.46,FALSE
Tiguan 392,Volkswagen,SEDAN,2,123.98,FALSE
Sportage 393,Kia,HATCHBACK,2,44.96,FALSE
Micra 394,Nissan,HATCHBACK,2,57.5,FALSE
Mustang 395,Ford,HATCHBACK,4,106.53,FALSE
5 Series 396,BMW,HATCHBACK,1,108.42,FALSE
A6 397,Audi,HATCHBACK,2,84.21,FALSE
Tucson 398,Hyundai,UNIVERSAL,3,147.88,FALSE
Tiguan 399,Volkswagen,SEDAN,7,110.8,FALSE
Santa Fe 400,Hyundai,SEDAN,10,79.76,FALSE
5 Series 401,BMW,HATCHBACK,9,132.79,FALSE
Tiguan 402,Volkswagen,SUV,3,30.19,FALSE
CR-V 403,Honda,SEDAN,10,81.69,FALSE
A6 404,Audi,SEDAN,3,74.3,FALSE
i30 405,Hyundai,SEDAN,9,57.69,FALSE
X5 406,BMW,UNIVERSAL,1,136.54,FALSE
i30 407,Hyundai,UNIVERSAL,9,114.07,FALSE
A4 408,Audi,HATCHBACK,8,54.12,FALSE
Explorer 409,Ford,SUV,1,149.45,FALSE
Polo 410,Volkswagen,HATCHBACK,5,134.77,FALSE
Escape 411,Ford,SEDAN,3,89.69,FALSE
Highlander 412,Toyota,UNIVERSAL,7,110.66,FALSE
Qashqai 413,Nissan,HATCHBACK,6,81.63,FALSE
E-Class 414,Mercedes,SUV,4,105.6,FALSE
Explorer 415,Ford,UNIVERSAL,10,46.14,FALSE
Juke 416,Nissan,SEDAN,4,62.3,FALSE
i30 417,Hyundai,SUV,7,129.32,FALSE
Passat 418,Volkswagen,SEDAN,8,115.86,FALSE
Polo 419,Volkswagen,SEDAN,7,100.86,FALSE
Focus 420,Ford,SEDAN,6,58.66,FALSE
Santa Fe 421,Hyundai,SUV,10,101.48,FALSE
A6 422,Audi,SEDAN,5,92.45,FALSE
Camry 423,Toyota,SEDAN,7,42.26,FALSE
GLC 424,Mercedes,UNIVERSAL,8,137.12,FALSE
A3 425,Audi,SEDAN,8,83.11,FALSE
A-Class 426,Mercedes,SEDAN,4,123.88,FALSE
C-Class 427,Mercedes,SUV,2,112.4,FALSE
Tiguan 428,Volkswagen,HATCHBACK,7,97.13,FALSE
Fit 429,Honda,HATCHBACK,3,113.56,FALSE
Rio 430,Kia,HATCHBACK,4,73.78,FALSE
Q5 431,Audi,UNIVERSAL,10,44.01,FALSE
Juke 432,Nissan,SUV,10,42.75,FALSE
Stinger 433,Kia,HATCHBACK,6,81.38,FALSE
Sorento 434,Kia,UNIVERSAL,8,127.08,FALSE
CR-V 435,Honda,SUV,5,57.38,FALSE
A6 436,Audi,HATCHBACK,3,34.41,FALSE
A-Class 437,Mercedes,UNIVERSAL,2,131.97,FALSE
Yaris 438,Toyota,SEDAN,2,44.3,FALSE
Tiguan 439,Volkswagen,HATCHBACK,2,148.82,FALSE
Explorer 440,Ford,HATCHBACK,10,88.01,FALSE
Fiesta 441,Ford,SEDAN,10,79.16,FALSE
A-Class 442,Mercedes,UNIVERSAL,7,54.82,FALSE
Polo 443,Volkswagen,SEDAN,10,139.3,FALSE
X5 444,BMW,SEDAN,4,54.18,FALSE
i30 445,Hyundai,SEDAN,10,142.56,FALSE
Q3 446,Audi,SEDAN,5,149.28,FALSE
Sorento 447,Kia,SEDAN,10,87.82,FALSE
Focus 448,Ford,HATCHBACK,9,127.26,FALSE
GLC 449,Mercedes,SEDAN,10,127.83,FALSE
Qashqai 450,Nissan,SUV,10,126.09,FALSE
Q3 451,Audi,SUV,6,143.25,FALSE
A-Class 452,Mercedes,HATCHBACK,3,57.96,FALSE
E-Class 453,Mercedes,SEDAN,9,117.59,FALSE
Passat 454,Volkswagen,SEDAN,10,40.98,FALSE
Accord 455,Honda,SEDAN,2,144.24,FALSE
X5 456,BMW,HATCHBACK,7,49.41,FALSE
Leaf 457,Nissan,UNIVERSAL,7,31.07,FALSE
Tucson 458,Hyundai,SEDAN,10,62.69,FALSE
Yaris 459,Toyota,HATCHBACK,9,38.71,FALSE
Jetta 460,Volkswagen,HATCHBACK,10,93.47,FALSE
Santa Fe 461,Hyundai,UNIVERSAL,4,123.06,FALSE
E-Class 462,Mercedes,SEDAN,4,73.97,FALSE
Leaf 463,Nissan,HATCHBACK,6,117.67,FALSE
Fiesta 464,Ford,SEDAN,9,113.54,FALSE
GLC 465,Mercedes,SEDAN,2,47.67,FALSE
E-Class 466,Mercedes,HATCHBACK,1,46.24,FALSE
Sportage 467,Kia,UNIVERSAL,2,74.77,FALSE
Sportage 468,Kia,SEDAN,1,95.38,FALSE
Fiesta 469,Ford,HATCHBACK,2,87.19,FALSE
1 Series 470,BMW,HATCHBACK,4,115.29,FALSE
Leaf 471,Nissan,HATCHBACK,3,149.3,FALSE
RAV4 472,Toyota,UNIVERSAL,4,101.21,FALSE
X3 473,BMW,UNIVERSAL,3,142.63,FALSE
3 Series 474,BMW,SUV,6,146.68,FALSE
Sportage 475,Kia,HATCHBACK,3,81.13,FALSE
i30 476,Hyundai,HATCHBACK,9,81.61,FALSE
3 Series 477,BMW,UNIVERSAL,4,141.07,FALSE
Tucson 478,Hyundai,SUV,2,117.72,FALSE
Ceed 479,Kia,UNIVERSAL,6,39.88,FALSE
Micra 480,Nissan,SEDAN,5,118.34,FALSE
Escape 481,Ford,SUV,10,128.23,FALSE
Passat 482,Volkswagen,HATCHBACK,1,148.4,FALSE
Golf 483,Volkswagen,SUV,1,103.21,FALSE
GLA 484,Mercedes,SUV,2,38.76,FALSE
Sportage 485,Kia,HATCHBACK,6,99.22,FALSE
Passat 486,Volkswagen,SUV,4,60.24,FALSE
Kona 487,Hyundai,HATCHBACK,10,49.86,FALSE
Micra 488,Nissan,SUV,8,55.7,FALSE
X3 489,BMW,HATCHBACK,4,79.9,FALSE
1 Series 490,BMW,HATCHBACK,9,127.77,FALSE
A4 491,Audi,HATCHBACK,7,45.13,FALSE
i30 492,Hyundai,UNIVERSAL,3,46.89,FALSE
Civic 493,Honda,HATCHBACK,8,124.51,FALSE
Elantra 494,Hyundai,SEDAN,5,95.83,FALSE
CR-V 495,Honda,SEDAN,5,140.43,FALSE
C-Class 496,Mercedes,SUV,3,127.8,FALSE
CR-V 497,Honda,SEDAN,1,140.23,FALSE
X3 498,BMW,UNIVERSAL,9,105.6,FALSE
C-Class 499,Mercedes,UNIVERSAL,4,80.62,FALSE
Escape 500,Ford,UNIVERSAL,3,142.54,FALSE
Tiguan 501,Volkswagen,UNIVERSAL,9,129.77,FALSE
A3 502,Audi,UNIVERSAL,1,104.57,FALSE
Kona 503,Hyundai,SUV,2,32.58,FALSE
Fit 504,Honda,UNIVERSAL,3,82.1,FALSE
Accord 505,Honda,HATCHBACK,7,44.65,FALSE
Golf 506,Volkswagen,HATCHBACK,7,139.74,FALSE
Santa Fe 507,Hyundai,UNIVERSAL,5,110.04,FALSE
Sorento 508,Kia,HATCHBACK,2,82.18,FALSE
Sorento 509,Kia,UNIVERSAL,10,149.99,FALSE
Pilot 510,Honda,SEDAN,2,40.47,FALSE
5 Series 511,BMW,HATCHBACK,3,100.54,FALSE
X5 512,BMW,UNIVERSAL,7,131.69,FALSE
A4 513,Audi,HATCHBACK,2,125.86,FALSE
Sportage 514,Kia,SEDAN,2,47.66,FALSE
Leaf 515,Nissan,UNIVERSAL,8,53.28,FALSE
RAV4 516,Toyota,HATCHBACK,5,110.86,FALSE
Qashqai 517,Nissan,HATCHBACK,4,70.62,FALSE
CR-V 518,Honda,HATCHBACK,3,100.76,FALSE
RAV4 519,Toyota,HATCHBACK,4,56.71,FALSE
GLC 520,Mercedes,SEDAN,6,94.17,FALSE
RAV4 521,Toyota,SUV,10,107.96,FALSE
Accord 522,Honda,SUV,5,41.06,FALSE
Civic 523,Honda,HATCHBACK,2,82.43,FALSE
Rio 524,Kia,SEDAN,5,126.63,FALSE
GLC 525,Mercedes,HATCHBACK,10,100.57,FALSE
Polo 526,Volkswagen,HATCHBACK,6,35.49,FALSE
Q5 527,Audi,SEDAN,2,50.59,FALSE
Fiesta 528,Ford,HATCHBACK,8,64.29,FALSE
Fiesta 529,Ford,SUV,8,42.56,FALSE
RAV4 530,Toyota,HATCHBACK,2,109.62,FALSE
Micra 531,Nissan,UNIVERSAL,4,82.37,FALSE
i30 532,Hyundai,SUV,4,40.07,FALSE
Polo 533,Volkswagen,SEDAN,10,66.31,FALSE
Civic 534,Honda,HATCHBACK,3,76.81,FALSE
CR-V 535,Honda,HATCHBACK,1,125.52,FALSE
Escape 536,Ford,UNIVERSAL,10,75.08,FALSE
Leaf 537,Nissan,UNIVERSAL,8,99.22,FALSE
Camry 538,Toyota,HATCHBACK,5,93.67,FALSE
Polo 539,Volkswagen,SUV,6,127.97,FALSE
Sportage 540,Kia,SEDAN,10,92.53,FALSE
Qashqai 541,Nissan,SEDAN,6,128.5,FALSE
A-Class 542,Mercedes,HATCHBACK,6,106.36,FALSE
A6 543,Audi,UNIVERSAL,9,81.29,FALSE
Yaris 544,Toyota,SEDAN,7,31.75,FALSE
Tiguan 545,Volkswagen,HATCHBACK,5,126.08,FALSE
Highlander 546,Toyota,SEDAN,4,118.31,FALSE
A6 547,Audi,HATCHBACK,6,100.48,FALSE
Passat 548,Volkswagen,HATCHBACK,5,64.84,FALSE
X-Trail 549,Nissan,HATCHBACK,5,37.72,FALSE
3 Series 550,BMW,UNIVERSAL,7,83.65,FALSE
GLA 551,Mercedes,SUV,1,105.16,FALSE
Qashqai 552,Nissan,HATCHBACK,7,120.88,FALSE
5 Series 553,BMW,HATCHBACK,2,146.44,FALSE
X-Trail 554,Nissan,SUV,10,44.17,FALSE
A4 555,Audi,SEDAN,5,77.83,FALSE
Stinger 556,Kia,HATCHBACK,2,66.64,FALSE
3 Series 557,BMW,HATCHBACK,10,95.86,FALSE
Highlander 558,Toyota,UNIVERSAL,2,60.95,FALSE
Pilot 559,Honda,UNIVERSAL,6,129.09,FALSE
Leaf 560,Nissan,HATCHBACK,10,49.36,FALSE
Polo 561,Volkswagen,SEDAN,10,77.42,FALSE
GLA 562,Mercedes,SUV,8,122.39,FALSE
Kona 563,Hyundai,SEDAN,2,137.38,FALSE
Tiguan 564,Volkswagen,HATCHBACK,4,69.87,FALSE
Yaris 565,Toyota,UNIVERSAL,9,128.05,FALSE
Pilot 566,Honda,HATCHBACK,6,84.17,FALSE
Accord 567,Honda,SUV,4,49.34,FALSE
Q3 568,Audi,HATCHBACK,1,145.58,FALSE
Elantra 569,Hyundai,HATCHBACK,1,100.53,FALSE
Corolla 570,Toyota,SUV,8,51.59,FALSE
Juke 571,Nissan,SUV,4,45.45,FALSE
1 Series 572,BMW,HATCHBACK,1,149.49,FALSE
Jetta 573,Volkswagen,SUV,5,37.94,FALSE
5 Series 574,BMW,HATCHBACK,4,89.6,FALSE
Golf 575,Volkswagen,SUV,5,138.31,FALSE
Rio 576,Kia,SEDAN,3,117.3,FALSE
X-Trail 577,Nissan,HATCHBACK,2,66.31,FALSE
Tiguan 578,Volkswagen,SUV,8,96.82,FALSE
Golf 579,Volkswagen,UNIVERSAL,10,80.87,FALSE
Q3 580,Audi,SUV,9,110.27,FALSE
Juke 581,Nissan,UNIVERSAL,4,149.1,FALSE
Kona 582,Hyundai,SEDAN,1,84.66,FALSE
Fit 583,Honda,SEDAN,7,106.84,FALSE
Stinger 584,Kia,SUV,10,104.9,FALSE
Explorer 585,Ford,SEDAN,8,140.3,FALSE
A-Class 586,Mercedes,SEDAN,1,62.29,FALSE
Q3 587,Audi,HATCHBACK,8,46.35,FALSE
Focus 588,Ford,SEDAN,10,141.43,FALSE
Sportage 589,Kia,HATCHBACK,4,125.15,FALSE
A-Class 590,Mercedes,HATCHBACK,6,54.93,FALSE
Q3 591,Audi,HATCHBACK,8,43.78,FALSE
Rio 592,Kia,UNIVERSAL,10,71.7,FALSE
Sportage 593,Kia,HATCHBACK,2,64.61,FALSE
Focus 594,Ford,HATCHBACK,7,105.25,FALSE
Kona 595,Hyundai,SEDAN,6,88.63,FALSE
Santa Fe 596,Hyundai,HATCHBACK,3,110.01,FALSE
i30 597,Hyundai,SUV,1,87.58,FALSE
i30 598,Hyundai,SEDAN,5,93.83,FALSE
1 Series 599,BMW,UNIVERSAL,6,69.84,FALSE
A-Class 600,Mercedes,UNIVERSAL,5,64.72,FALSE
i30 601,Hyundai,HATCHBACK,2,98.67,FALSE
Yaris 602,Toyota,HATCHBACK,8,148.76,FALSE
Escape 603,Ford,SEDAN,1,82.17,FALSE
Tucson 604,Hyundai,HATCHBACK,1,100.86,FALSE
Camry 605,Toyota,SUV,5,86.98,FALSE
Santa Fe 606,Hyundai,HATCHBACK,6,134.14,FALSE
Accord 607,Honda,HATCHBACK,1,76.29,FALSE
3 Series 608,BMW,SEDAN,7,128.01,FALSE
CR-V 609,Honda,HATCHBACK,9,55.59,FALSE
Yaris 610,Toyota,UNIVERSAL,5,81.92,FALSE
Tucson 611,Hyundai,HATCHBACK,8,121.28,FALSE
Explorer 612,Ford,HATCHBACK,7,61.19,FALSE
Tiguan 613,Volkswagen,HATCHBACK,8,81.13,FALSE
Civic 614,Honda,SEDAN,10,63.21,FALSE
Elantra 615,Hyundai,SUV,10,144.38,FALSE
GLC 616,Mercedes,SUV,9,148.58,FALSE
Fit 617,Honda,HATCHBACK,3,52.31,FALSE
A6 618,Audi,HATCHBACK,3,83.16,FALSE
CR-V 619,Honda,HATCHBACK,6,114.19,FALSE
CR-V 620,Honda,SEDAN,5,74.27,FALSE
Polo 621,Volkswagen,HATCHBACK,3,97.78,FALSE
1 Series 622,BMW,SUV,8,89.86,FALSE
Tucson 623,Hyundai,SEDAN,2,72.13,FALSE
X3 624,BMW,HATCHBACK,10,58.92,FALSE
X5 625,BMW,UNIVERSAL,7,140.13,FALSE
A4 626,Audi,HATCHBACK,8,149.52,FALSE
Qashqai 627,Nissan,SEDAN,7,49.7,FALSE
Pilot 628,Honda,HATCHBACK,6,107.88,FALSE
CR-V 629,Honda,UNIVERSAL,3,55.23,FALSE
Explorer 630,Ford,HATCHBACK,10,80.48,FALSE
Civic 631,Honda,HATCHBACK,4,89.23,FALSE
Kona 632,Hyundai,HATCHBACK,8,75.13,FALSE
Escape 633,Ford,UNIVERSAL,2,56.75,FALSE
X-Trail 634,Nissan,HATCHBACK,1,105.78,FALSE
A4 635,Audi,UNIVERSAL,1,68.11,FALSE
CR-V 636,Honda,HATCHBACK,2,50.54,FALSE
A-Class 637,Mercedes,SUV,8,98.64,FALSE
1 Series 638,BMW,SUV,4,51.36,FALSE
Passat 639,Volkswagen,UNIVERSAL,1,68.09,FALSE
i30 640,Hyundai,HATCHBACK,9,148.83,FALSE
Highlander 641,Toyota,HATCHBACK,5,82.05,FALSE
Juke 642,Nissan,HATCHBACK,10,61.13,FALSE
Fiesta 643,Ford,HATCHBACK,1,79.34,FALSE
Ceed 644,Kia,UNIVERSAL,6,100.47,FALSE
Camry 645,Toyota,UNIVERSAL,1,31.89,FALSE
Polo 646,Volkswagen,HATCHBACK,2,66.81,FALSE
Fiesta 647,Ford,SEDAN,1,94.05,FALSE
Sportage 648,Kia,SEDAN,9,134.66,FALSE
Passat 649,Volkswagen,HATCHBACK,3,58.99,FALSE
Qashqai 650,Nissan,SEDAN,5,36.55,FALSE
GLC 651,Mercedes,SEDAN,2,98.85,FALSE
Kona 652,Hyundai,HATCHBACK,2,38.27,FALSE
Focus 653,Ford,HATCHBACK,3,128.24,FALSE
X5 654,BMW,SEDAN,6,56.51,FALSE
Fit 655,Honda,UNIVERSAL,1,41.35,FALSE
Accord 656,Honda,HATCHBACK,6,112.72,FALSE
Jetta 657,Volkswagen,HATCHBACK,2,141.96,FALSE
A6 658,Audi,HATCHBACK,3,93.96,FALSE
Passat 659,Volkswagen,SEDAN,7,52.83,FALSE
A6 660,Audi,UNIVERSAL,7,95.62,FALSE
Q5 661,Audi,HATCHBACK,1,79.59,FALSE
Fit 662,Honda,UNIVERSAL,1,55.61,FALSE
X-Trail 663,Nissan,SEDAN,1,115.24,FALSE
Micra 664,Nissan,SUV,6,78.64,FALSE
Mustang 665,Ford,SEDAN,2,115.01,FALSE
E-Class 666,Mercedes,SEDAN,4,35.22,FALSE
Tiguan 667,Volkswagen,HATCHBACK,4,138.71,FALSE
Camry 668,Toyota,SUV,9,90.4,FALSE
1 Series 669,BMW,UNIVERSAL,1,52.32,FALSE
Leaf 670,Nissan,HATCHBACK,9,91.18,FALSE
Santa Fe 671,Hyundai,HATCHBACK,7,86.74,FALSE
5 Series 672,BMW,HATCHBACK,1,92.81,FALSE
i30 673,Hyundai,UNIVERSAL,10,142.9,FALSE
Focus 674,Ford,HATCHBACK,6,32.6,FALSE
Kona 675,Hyundai,HATCHBACK,1,119.43,FALSE
GLA 676,Mercedes,SUV,8,55.31,FALSE
Ceed 677,Kia,UNIVERSAL,7,37.3,FALSE
CR-V 678,Honda,HATCHBACK,4,58.38,FALSE
Accord 679,Honda,SUV,1,80.38,FALSE
Elantra 680,Hyundai,UNIVERSAL,1,73.91,FALSE
Accord 681,Honda,HATCHBACK,1,78.81,FALSE
Stinger 682,Kia,SUV,1,79.91,FALSE
Jetta 683,Volkswagen,SEDAN,4,112.01,FALSE
GLC 684,Mercedes,UNIVERSAL,1,51.5,FALSE
Pilot 685,Honda,SUV,9,118.16,FALSE
Polo 686,Volkswagen,SEDAN,3,125.62,FALSE
Camry 687,Toyota,HATCHBACK,1,50.7,FALSE
Corolla 688,Toyota,HATCHBACK,2,138.04,FALSE
Santa Fe 689,Hyundai,HATCHBACK,2,61.38,FALSE
Santa Fe 690,Hyundai,SUV,9,140.37,FALSE
C-Class 691,Mercedes,HATCHBACK,4,91.81,FALSE
Golf 692,Volkswagen,SUV,3,95.14,FALSE
X5 693,BMW,HATCHBACK,6,99.99,FALSE
Passat 694,Volkswagen,HATCHBACK,1,101.86,FALSE
E-Class 695,Mercedes,SEDAN,2,98.27,FALSE
Mustang 696,Ford,HATCHBACK,6,96.81,FALSE
X3 697,BMW,SEDAN,10,103.31,FALSE
A6 698,Audi,HATCHBACK,9,135.53,FALSE
Camry 699,Toyota,SUV,1,64.52,FALSE
Sportage 700,Kia,HATCHBACK,10,32.37,FALSE
Rio 701,Kia,HATCHBACK,5,129.73,FALSE
GLA 702,Mercedes,SUV,4,58.78,FALSE
Elantra 703,Hyundai,SUV,4,80.59,FALSE
Sportage 704,Kia,HATCHBACK,7,97.02,FALSE
i30 705,Hyundai,UNIVERSAL,5,138.79,FALSE
Camry 706,Toyota,HATCHBACK,3,75.93,FALSE
Yaris 707,Toyota,SUV,5,146.53,FALSE
X-Trail 708,Nissan,HATCHBACK,2,101.98,FALSE
i30 709,Hyundai,SUV,7,71.76,FALSE
Civic 710,Honda,SUV,7,92.59,FALSE
i30 711,Hyundai,SUV,6,128.76,FALSE
A-Class 712,Mercedes,SUV,5,82.43,FALSE
Sorento 713,Kia,SUV,1,62.52,FALSE
3 Series 714,BMW,HATCHBACK,4,35.87,FALSE
X5 715,BMW,UNIVERSAL,4,75.44,FALSE
Q3 716,Audi,UNIVERSAL,4,105.74,FALSE
CR-V 717,Honda,SEDAN,3,141.14,FALSE
Santa Fe 718,Hyundai,SUV,5,78.58,FALSE
E-Class 719,Mercedes,SUV,5,58.93,FALSE
i30 720,Hyundai,HATCHBACK,6,52.02,FALSE
Tiguan 721,Volkswagen,HATCHBACK,2,90.48,FALSE
Elantra 722,Hyundai,SEDAN,2,118.61,FALSE
i30 723,Hyundai,SUV,1,102.32,FALSE
Stinger 724,Kia,HATCHBACK,2,56.24,FALSE
C-Class 725,Mercedes,HATCHBACK,1,94.34,FALSE
Highlander 726,Toyota,SEDAN,3,98.83,FALSE
X-Trail 727,Nissan,SUV,10,45.94,FALSE
X-Trail 728,Nissan,UNIVERSAL,4,79.62,FALSE
Micra 729,Nissan,SEDAN,8,116.58,FALSE
Juke 730,Nissan,HATCHBACK,10,111.94,FALSE
Corolla 731,Toyota,HATCHBACK,4,81.56,FALSE
Q3 732,Audi,HATCHBACK,5,135.46,FALSE
Leaf 733,Nissan,SEDAN,8,82.74,FALSE
Focus 734,Ford,HATCHBACK,1,58.76,FALSE
Jetta 735,Volkswagen,HATCHBACK,9,81.02,FALSE
GLA 736,Mercedes,SUV,2,80.67,FALSE
Tiguan 737,Volkswagen,HATCHBACK,8,104.49,FALSE
Elantra 738,Hyundai,HATCHBACK,5,44.99,FALSE
Escape 739,Ford,SEDAN,10,77.04,FALSE
X3 740,BMW,SEDAN,10,68.2,FALSE
RAV4 741,Toyota,UNIVERSAL,6,64.8,FALSE
RAV4 742,Toyota,UNIVERSAL,7,68.67,FALSE
Qashqai 743,Nissan,SEDAN,1,119.98,FALSE
Q3 744,Audi,SUV,10,97.55,FALSE
Tucson 745,Hyundai,HATCHBACK,5,72.07,FALSE
X3 746,BMW,HATCHBACK,2,42.05,FALSE
Rio 747,Kia,HATCHBACK,8,145.74,FALSE
Stinger 748,Kia,HATCHBACK,1,87.2,FALSE
A-Class 749,Mercedes,HATCHBACK,10,116.82,FALSE
Camry 750,Toyota,SUV,1,116,FALSE
Q5 751,Audi,HATCHBACK,1,147.93,FALSE
Mustang 752,Ford,UNIVERSAL,10,133.01,FALSE
A-Class 753,Mercedes,SEDAN,10,35.93,FALSE
Civic 754,Honda,SUV,1,35.98,FALSE
Santa Fe 755,Hyundai,HATCHBACK,2,54.01,FALSE
A6 756,Audi,HATCHBACK,7,70.07,FALSE
E-Class 757,Mercedes,HATCHBACK,3,49.21,FALSE
Qashqai 758,Nissan,HATCHBACK,2,113.56,FALSE
Q5 759,Audi,UNIVERSAL,3,138.99,FALSE
A-Class 760,Mercedes,HATCHBACK,5,51.43,FALSE
3 Series 761,BMW,UNIVERSAL,9,63.21,FALSE
Highlander 762,Toyota,SUV,3,75.64,FALSE
RAV4 763,Toyota,SUV,10,104.06,FALSE
Fiesta 764,Ford,SEDAN,5,139.88,FALSE
Escape 765,Ford,HATCHBACK,7,40.43,FALSE
Juke 766,Nissan,UNIVERSAL,2,46.32,FALSE
A4 767,Audi,SEDAN,3,111.51,FALSE
Kona 768,Hyundai,HATCHBACK,1,117.07,FALSE
CR-V 769,Honda,UNIVERSAL,2,119.52,FALSE
Fit 770,Honda,SUV,8,71.31,FALSE
Juke 771,Nissan,HATCHBACK,8,46.39,FALSE
Juke 772,Nissan,SUV,4,48.01,FALSE
Golf 773,Volkswagen,SEDAN,8,69.47,FALSE
Camry 774,Toyota,HATCHBACK,7,44.81,FALSE
X-Trail 775,Nissan,UNIVERSAL,8,149.34,FALSE
Camry 776,Toyota,HATCHBACK,1,88.44,FALSE
Qashqai 777,Nissan,SUV,9,48.54,FALSE
GLC 778,Mercedes,HATCHBACK,8,90.8,FALSE
Yaris 779,Toyota,UNIVERSAL,7,74.01,FALSE
Kona 780,Hyundai,UNIVERSAL,7,57.47,FALSE
X3 781,BMW,SEDAN,4,55.6,FALSE
GLA 782,Mercedes,HATCHBACK,5,89.18,FALSE
Pilot 783,Honda,SEDAN,6,125.64,FALSE
Camry 784,Toyota,HATCHBACK,6,122.81,FALSE
Mustang 785,Ford,HATCHBACK,7,139.9,FALSE
Sorento 786,Kia,SUV,8,118.88,FALSE
Civic 787,Honda,UNIVERSAL,2,42.74,FALSE
Fiesta 788,Ford,HATCHBACK,2,33.99,FALSE
CR-V 789,Honda,SEDAN,4,148.63,FALSE
Tucson 790,Hyundai,SEDAN,3,73.93,FALSE
GLA 791,Mercedes,SEDAN,7,42.24,FALSE
Leaf 792,Nissan,SUV,9,33.83,FALSE
Yaris 793,Toyota,HATCHBACK,6,140.56,FALSE
Juke 794,Nissan,SEDAN,9,123.02,FALSE
Fit 795,Honda,UNIVERSAL,4,105.03,FALSE
Micra 796,Nissan,SUV,4,80.81,FALSE
Q3 797,Audi,UNIVERSAL,4,126.6,FALSE
Sportage 798,Kia,UNIVERSAL,9,36.53,FALSE
Escape 799,Ford,SUV,6,86.71,FALSE
Escape 800,Ford,SEDAN,1,41.33,FALSE
Fiesta 801,Ford,SEDAN,6,45.62,FALSE
Accord 802,Honda,UNIVERSAL,3,42.88,FALSE
Sorento 803,Kia,SEDAN,8,73.74,FALSE
Elantra 804,Hyundai,HATCHBACK,7,99.91,FALSE
Elantra 805,Hyundai,HATCHBACK,2,109.31,FALSE
Mustang 806,Ford,SUV,6,79.62,FALSE
Juke 807,Nissan,HATCHBACK,3,93.1,FALSE
X5 808,BMW,SUV,6,77.06,FALSE
Passat 809,Volkswagen,HATCHBACK,9,118.82,FALSE
X3 810,BMW,UNIVERSAL,6,43.7,FALSE
Accord 811,Honda,HATCHBACK,9,91.81,FALSE
Jetta 812,Volkswagen,SEDAN,8,30.14,FALSE
X3 813,BMW,UNIVERSAL,10,31.93,FALSE
Rio 814,Kia,UNIVERSAL,1,49.98,FALSE
C-Class 815,Mercedes,SUV,6,61.61,FALSE
Passat 816,Volkswagen,HATCHBACK,3,132.5,FALSE
Stinger 817,Kia,HATCHBACK,7,87.91,FALSE
Stinger 818,Kia,SEDAN,6,72.9,FALSE
RAV4 819,Toyota,SUV,5,116.96,FALSE
X-Trail 820,Nissan,HATCHBACK,7,125.22,FALSE
Ceed 821,Kia,HATCHBACK,2,102.23,FALSE
Yaris 822,Toyota,SEDAN,3,61.7,FALSE
Focus 823,Ford,HATCHBACK,9,72.5,FALSE
Sportage 824,Kia,HATCHBACK,2,55.57,FALSE
1 Series 825,BMW,HATCHBACK,5,44.18,FALSE
E-Class 826,Mercedes,SUV,7,43.02,FALSE
Sportage 827,Kia,SUV,9,82.18,FALSE
Q3 828,Audi,HATCHBACK,5,58.5,FALSE
3 Series 829,BMW,SUV,5,87.43,FALSE
Camry 830,Toyota,SEDAN,2,55.89,FALSE
CR-V 831,Honda,UNIVERSAL,10,77.65,FALSE
Yaris 832,Toyota,HATCHBACK,3,58.82,FALSE
Tucson 833,Hyundai,HATCHBACK,3,84.5,FALSE
1 Series 834,BMW,HATCHBACK,1,118.81,FALSE
Accord 835,Honda,SEDAN,9,53.54,FALSE
Tucson 836,Hyundai,HATCHBACK,1,49.33,FALSE
Micra 837,Nissan,SUV,8,67.37,FALSE
Micra 838,Nissan,HATCHBACK,6,30.71,FALSE
Sorento 839,Kia,HATCHBACK,9,114.47,FALSE
Leaf 840,Nissan,SUV,2,36.41,FALSE
CR-V 841,Honda,HATCHBACK,6,115.36,FALSE
Elantra 842,Hyundai,SEDAN,5,75.64,FALSE
Fiesta 843,Ford,SEDAN,8,55.55,FALSE
X-Trail 844,Nissan,HATCHBACK,7,137.83,FALSE
5 Series 845,BMW,SUV,1,94.68,FALSE
Sportage 846,Kia,UNIVERSAL,1,56.14,FALSE
Camry 847,Toyota,SEDAN,3,39.62,FALSE
Passat 848,Volkswagen,SUV,4,76.3,FALSE
Q5 849,Audi,UNIVERSAL,9,35.44,FALSE
Passat 850,Volkswagen,HATCHBACK,10,89.44,FALSE
A4 851,Audi,SUV,8,67.04,FALSE
Fit 852,Honda,SUV,8,139.19,FALSE
Rio 853,Kia,SEDAN,1,100.57,FALSE
Micra 854,Nissan,HATCHBACK,10,72.43,FALSE
Micra 855,Nissan,HATCHBACK,5,86.31,FALSE
Rio 856,Kia,UNIVERSAL,5,77.16,FALSE
Escape 857,Ford,SUV,4,75.31,FALSE
5 Series 858,BMW,SUV,10,114.76,FALSE
Civic 859,Honda,UNIVERSAL,2,46.57,FALSE
A-Class 860,Mercedes,SEDAN,9,63.75,FALSE
RAV4 861,Toyota,SUV,1,124.49,FALSE
Golf 862,Volkswagen,HATCHBACK,1,107.99,FALSE
Sportage 863,Kia,HATCHBACK,8,75.1,FALSE
Elantra 864,Hyundai,SUV,8,103.39,FALSE
Elantra 865,Hyundai,SEDAN,10,95.68,FALSE
Elantra 866,Hyundai,UNIVERSAL,2,50.07,FALSE
Qashqai 867,Nissan,UNIVERSAL,3,116.71,FALSE
Focus 868,Ford,SEDAN,6,147.38,FALSE
Micra 869,Nissan,HATCHBACK,2,100.26,FALSE
Santa Fe 870,Hyundai,HATCHBACK,2,84.49,FALSE
Tucson 871,Hyundai,SUV,6,128.24,FALSE
Leaf 872,Nissan,SEDAN,6,50.21,FALSE
Corolla 873,Toyota,UNIVERSAL,3,52.13,FALSE
C-Class 874,Mercedes,HATCHBACK,7,130.82,FALSE
A4 875,Audi,SUV,2,132.68,FALSE
Tucson 876,Hyundai,SEDAN,9,32.18,FALSE
Kona 877,Hyundai,UNIVERSAL,2,97.23,FALSE
Ceed 878,Kia,SUV,1,144.52,FALSE
i30 879,Hyundai,SUV,4,121.23,FALSE
Polo 880,Volkswagen,HATCHBACK,3,40.57,FALSE
A3 881,Audi,SEDAN,5,115.73,FALSE
Camry 882,Toyota,HATCHBACK,3,131.77,FALSE
Fit 883,Honda,HATCHBACK,6,80.07,FALSE
Tiguan 884,Volkswagen,SEDAN,6,62.25,FALSE
Qashqai 885,Nissan,SUV,4,76.11,FALSE
A6 886,Audi,HATCHBACK,3,34.82,FALSE
3 Series 887,BMW,UNIVERSAL,7,43.19,FALSE
3 Series 888,BMW,SUV,3,76.31,FALSE
GLA 889,Mercedes,HATCHBACK,3,55.09,FALSE
Mustang 890,Ford,SUV,6,109.39,FALSE
X3 891,BMW,SUV,6,51.13,FALSE
Kona 892,Hyundai,SEDAN,3,116.89,FALSE
Sportage 893,Kia,HATCHBACK,5,131.41,FALSE
GLA 894,Mercedes,UNIVERSAL,10,131.7,FALSE
Leaf 895,Nissan,SEDAN,2,91.54,FALSE
Leaf 896,Nissan,HATCHBACK,1,110.84,FALSE
E-Class 897,Mercedes,HATCHBACK,2,79.03,FALSE
C-Class 898,Mercedes,HATCHBACK,8,32.88,FALSE
A3 899,Audi,HATCHBACK,6,90.53,FALSE
Camry 900,Toyota,HATCHBACK,6,70.24,FALSE
Civic 901,Honda,HATCHBACK,9,85.02,FALSE
Mustang 902,Ford,HATCHBACK,10,47.41,FALSE
Leaf 903,Nissan,HATCHBACK,10,41.03,FALSE
Elantra 904,Hyundai,SUV,9,69.8,FALSE
A-Class 905,Mercedes,SUV,9,97.95,FALSE
Tucson 906,Hyundai,HATCHBACK,2,69.87,FALSE
Q5 907,Audi,SUV,9,120.04,FALSE
Q5 908,Audi,HATCHBACK,3,135.51,FALSE
Stinger 909,Kia,HATCHBACK,4,65.4,FALSE
Sportage 910,Kia,HATCHBACK,2,71.71,FALSE
Ceed 911,Kia,SEDAN,10,124,FALSE
X3 912,BMW,HATCHBACK,9,131.38,FALSE
Escape 913,Ford,SUV,3,96.94,FALSE
X5 914,BMW,HATCHBACK,8,41.49,FALSE
Leaf 915,Nissan,SEDAN,2,112.67,FALSE
Tiguan 916,Volkswagen,UNIVERSAL,2,131.17,FALSE
Stinger 917,Kia,UNIVERSAL,1,64.72,FALSE
Escape 918,Ford,SUV,2,139.71,FALSE
C-Class 919,Mercedes,SUV,3,47.8,FALSE
Accord 920,Honda,HATCHBACK,9,78.13,FALSE
Civic 921,Honda,HATCHBACK,10,50.52,FALSE
Juke 922,Nissan,SEDAN,8,36.68,FALSE
A-Class 923,Mercedes,UNIVERSAL,7,119.46,FALSE
Pilot 924,Honda,SEDAN,9,75.76,FALSE
Escape 925,Ford,SEDAN,1,147,FALSE
Tiguan 926,Volkswagen,SUV,10,146.88,FALSE
Polo 927,Volkswagen,SEDAN,9,75.44,FALSE
Sorento 928,Kia,SUV,1,94.94,FALSE
Accord 929,Honda,SUV,8,131.09,FALSE
Ceed 930,Kia,UNIVERSAL,6,57.19,FALSE
Micra 931,Nissan,UNIVERSAL,1,41.13,FALSE
Stinger 932,Kia,HATCHBACK,8,72.25,FALSE
Q5 933,Audi,HATCHBACK,1,122.23,FALSE
GLA 934,Mercedes,UNIVERSAL,10,54.29,FALSE
Sportage 935,Kia,HATCHBACK,4,48.55,FALSE
CR-V 936,Honda,SUV,5,59.86,FALSE
Yaris 937,Toyota,SUV,6,95.54,FALSE
A3 938,Audi,UNIVERSAL,3,111.31,FALSE
Ceed 939,Kia,SEDAN,9,62.6,FALSE
Juke 940,Nissan,SUV,5,125.34,FALSE
Pilot 941,Honda,HATCHBACK,3,53.08,FALSE
X3 942,BMW,SUV,5,90.45,FALSE
GLC 943,Mercedes,SUV,4,70.48,FALSE
RAV4 944,Toyota,HATCHBACK,3,128.68,FALSE
X5 945,BMW,HATCHBACK,8,114.67,FALSE
Sorento 946,Kia,HATCHBACK,6,34.14,FALSE
Elantra 947,Hyundai,SEDAN,5,69.22,FALSE
E-Class 948,Mercedes,SEDAN,3,90.2,FALSE
Focus 949,Ford,HATCHBACK,5,70.12,FALSE
Escape 950,Ford,SUV,3,44.59,FALSE
Q3 951,Audi,UNIVERSAL,8,55.91,FALSE
Rio 952,Kia,SEDAN,8,132.08,FALSE
Golf 953,Volkswagen,SUV,5,142.29,FALSE
Juke 954,Nissan,SEDAN,6,120.65,FALSE
Polo 955,Volkswagen,HATCHBACK,3,62.43,FALSE
Mustang 956,Ford,HATCHBACK,8,96.85,FALSE
Q3 957,Audi,HATCHBACK,7,139.33,FALSE
Elantra 958,Hyundai,SEDAN,1,120.09,FALSE
Santa Fe 959,Hyundai,SEDAN,9,66.16,FALSE
Fit 960,Honda,SEDAN,3,68.77,FALSE
Juke 961,Nissan,SUV,5,103.7,FALSE
Stinger 962,Kia,HATCHBACK,5,81.65,FALSE
Fiesta 963,Ford,SEDAN,3,130.77,FALSE
A4 964,Audi,SUV,10,91.3,FALSE
A4 965,Audi,SEDAN,1,106.34,FALSE
Camry 966,Toyota,HATCHBACK,2,84.43,FALSE
Qashqai 967,Nissan,SEDAN,10,44.17,FALSE
Elantra 968,Hyundai,SEDAN,3,40.77,FALSE
Q3 969,Audi,UNIVERSAL,1,76,FALSE
E-Class 970,Mercedes,SEDAN,1,103.13,FALSE
Focus 971,Ford,SEDAN,7,33.74,FALSE
C-Class 972,Mercedes,UNIVERSAL,1,45.99,FALSE
RAV4 973,Toyota,HATCHBACK,7,47.95,FALSE
Micra 974,Nissan,HATCHBACK,3,31.26,FALSE
CR-V 975,Honda,SEDAN,9,127.83,FALSE
Stinger 976,Kia,UNIVERSAL,3,48.01,FALSE
Accord 977,Honda,HATCHBACK,10,107.28,FALSE
Corolla 978,Toyota,HATCHBACK,10,76.42,FALSE
GLA 979,Mercedes,SEDAN,1,95.24,FALSE
Sportage 980,Kia,SUV,1,31.93,FALSE
Explorer 981,Ford,HATCHBACK,2,149.04,FALSE
Yaris 982,Toyota,UNIVERSAL,6,147.36,FALSE
Santa Fe 983,Hyundai,HATCHBACK,3,62.77,FALSE
Santa Fe 984,Hyundai,UNIVERSAL,7,140.62,FALSE
Qashqai 985,Nissan,HATCHBACK,9,139.14,FALSE
Highlander 986,Toyota,HATCHBACK,8,73.44,FALSE
E-Class 987,Mercedes,SEDAN,3,109.41,FALSE
A-Class 988,Mercedes,HATCHBACK,10,43.95,FALSE
Yaris 989,Toyota,SUV,1,45.78,FALSE
A4 990,Audi,SEDAN,1,104.41,FALSE
1 Series 991,BMW,HATCHBACK,8,92.53,FALSE
i30 992,Hyundai,SEDAN,9,74.06,FALSE
GLA 993,Mercedes,HATCHBACK,1,112.51,FALSE
Civic 994,Honda,HATCHBACK,7,122.53,FALSE
Sportage 995,Kia,SUV,6,121.86,FALSE
A4 996,Audi,HATCHBACK,5,102.58,FALSE
Corolla 997,Toyota,HATCHBACK,5,52.15,FALSE
X-Trail 998,Nissan,UNIVERSAL,5,65.39,FALSE
Rio 999,Kia,HATCHBACK,6,72.22,FALSE
Elantra 1000,Hyundai,SEDAN,8,48.54,FALSE
